squoutid,staproid,quarid,ingestid,sightdate,evidence,footsize
11,UT,,someweek.csv,6/10/2023,Visual,38
19,WY,,someweek.csv,6/11/2023,Visual,29
2,AB,,someweek.csv,6/11/2023,Audible,27
2,OR,,someweek.csv,6/11/2023,Photo,30
18,ID,,someweek.csv,6/12/2023,Visual,27
24,AK,,someweek.csv,6/14/2023,Visual,29
21,CA,,someweek.csv,6/14/2023,Photo,27
11,AB,,someweek.csv,6/14/2023,Audible,30
12,BC,,otherweek.csv,6/16/2023,Video,33
11,AB,,otherweek.csv,6/16/2023,Audible,28
16,BC,,otherweek.csv,6/16/2023,Audible,34
21,BC,,otherweek.csv,6/16/2023,Cast,32
3,AK,,otherweek.csv,6/17/2023,Visual,27
16,AB,,otherweek.csv,6/17/2023,Audible,37
12,CA,,otherweek.csv,6/21/2023,Photo,31
9,WA,,otherweek.csv,6/22/2023,Visual,37
14,CA,,otherweek.csv,6/22/2023,Visual,35
25,WY,,weekweek.csv,6/23/2023,Photo,39
7,BC,,weekweek.csv,6/26/2023,Audible,31
